{
  "delete_character" : {
    "transaction" : "delete_character",
    "sampleCount" : 2000,
    "errorCount" : 0,
    "errorPct" : 0.0,
    "meanResTime" : 54.89299999999999,
    "medianResTime" : 34.0,
    "minResTime" : 1.0,
    "maxResTime" : 1154.0,
    "pct1ResTime" : 134.0,
    "pct2ResTime" : 161.94999999999982,
    "pct3ResTime" : 307.99,
    "throughput" : 394.86673247778873,
    "receivedKBytesPerSec" : 96.0173988153998,
    "sentKBytesPerSec" : 70.53538376110562
  },
  "get_character/id" : {
    "transaction" : "get_character/id",
    "sampleCount" : 2000,
    "errorCount" : 0,
    "errorPct" : 0.0,
    "meanResTime" : 71.32299999999994,
    "medianResTime" : 32.0,
    "minResTime" : 0.0,
    "maxResTime" : 1080.0,
    "pct1ResTime" : 186.9000000000001,
    "pct2ResTime" : 241.0,
    "pct3ResTime" : 954.0600000000018,
    "throughput" : 381.8251240931653,
    "receivedKBytesPerSec" : 98.77897993031691,
    "sentKBytesPerSec" : 60.00434027777777
  },
  "get_characters" : {
    "transaction" : "get_characters",
    "sampleCount" : 2000,
    "errorCount" : 0,
    "errorPct" : 0.0,
    "meanResTime" : 540.0170000000012,
    "medianResTime" : 126.0,
    "minResTime" : 1.0,
    "maxResTime" : 2821.0,
    "pct1ResTime" : 1764.5000000000005,
    "pct2ResTime" : 2439.95,
    "pct3ResTime" : 2461.99,
    "throughput" : 347.1619510501649,
    "receivedKBytesPerSec" : 1715.6906353063705,
    "sentKBytesPerSec" : 53.905029508765836
  },
  "Total" : {
    "transaction" : "Total",
    "sampleCount" : 10000,
    "errorCount" : 0,
    "errorPct" : 0.0,
    "meanResTime" : 156.78640000000004,
    "medianResTime" : 40.0,
    "minResTime" : 0.0,
    "maxResTime" : 2821.0,
    "pct1ResTime" : 282.0,
    "pct2ResTime" : 714.9499999999989,
    "pct3ResTime" : 2439.99,
    "throughput" : 1733.7031900138695,
    "receivedKBytesPerSec" : 2067.0629916673893,
    "sentKBytesPerSec" : 319.8778890538315
  },
  "put_character" : {
    "transaction" : "put_character",
    "sampleCount" : 2000,
    "errorCount" : 0,
    "errorPct" : 0.0,
    "meanResTime" : 56.06799999999992,
    "medianResTime" : 34.0,
    "minResTime" : 0.0,
    "maxResTime" : 571.0,
    "pct1ResTime" : 138.0,
    "pct2ResTime" : 165.0,
    "pct3ResTime" : 306.99,
    "throughput" : 393.77830281551485,
    "receivedKBytesPerSec" : 101.90551781846821,
    "sentKBytesPerSec" : 84.951131497342
  },
  "post_character" : {
    "transaction" : "post_character",
    "sampleCount" : 2000,
    "errorCount" : 0,
    "errorPct" : 0.0,
    "meanResTime" : 61.63100000000003,
    "medianResTime" : 37.0,
    "minResTime" : 1.0,
    "maxResTime" : 1067.0,
    "pct1ResTime" : 137.0,
    "pct2ResTime" : 233.0,
    "pct3ResTime" : 379.9000000000001,
    "throughput" : 389.48393378773125,
    "receivedKBytesPerSec" : 100.76242240749757,
    "sentKBytesPerSec" : 84.026784627556
  }
}