{
  "delete_character" : {
    "transaction" : "delete_character",
    "sampleCount" : 100,
    "errorCount" : 0,
    "errorPct" : 0.0,
    "meanResTime" : 141.36999999999998,
    "medianResTime" : 24.0,
    "minResTime" : 2.0,
    "maxResTime" : 733.0,
    "pct1ResTime" : 669.6,
    "pct2ResTime" : 708.1499999999999,
    "pct3ResTime" : 732.96,
    "throughput" : 134.58950201884255,
    "receivedKBytesPerSec" : 32.7273300807537,
    "sentKBytesPerSec" : 24.04341562920592
  },
  "get_character/id" : {
    "transaction" : "get_character/id",
    "sampleCount" : 100,
    "errorCount" : 0,
    "errorPct" : 0.0,
    "meanResTime" : 45.500000000000014,
    "medianResTime" : 37.0,
    "minResTime" : 1.0,
    "maxResTime" : 212.0,
    "pct1ResTime" : 91.60000000000002,
    "pct2ResTime" : 149.74999999999972,
    "pct3ResTime" : 211.47999999999973,
    "throughput" : 120.91898428053204,
    "receivedKBytesPerSec" : 31.28896803204353,
    "sentKBytesPerSec" : 18.997506045949216
  },
  "get_characters" : {
    "transaction" : "get_characters",
    "sampleCount" : 100,
    "errorCount" : 0,
    "errorPct" : 0.0,
    "meanResTime" : 199.67999999999998,
    "medianResTime" : 209.0,
    "minResTime" : 16.0,
    "maxResTime" : 409.0,
    "pct1ResTime" : 309.7000000000003,
    "pct2ResTime" : 346.74999999999994,
    "pct3ResTime" : 408.6499999999998,
    "throughput" : 92.76437847866418,
    "receivedKBytesPerSec" : 12602.963930600648,
    "sentKBytesPerSec" : 14.40384392393321
  },
  "Total" : {
    "transaction" : "Total",
    "sampleCount" : 500,
    "errorCount" : 0,
    "errorPct" : 0.0,
    "meanResTime" : 146.62000000000003,
    "medianResTime" : 52.5,
    "minResTime" : 1.0,
    "maxResTime" : 949.0,
    "pct1ResTime" : 501.7000000000035,
    "pct2ResTime" : 726.75,
    "pct3ResTime" : 912.8100000000002,
    "throughput" : 365.4970760233918,
    "receivedKBytesPerSec" : 10005.79798291301,
    "sentKBytesPerSec" : 67.4270719115497
  },
  "put_character" : {
    "transaction" : "put_character",
    "sampleCount" : 100,
    "errorCount" : 0,
    "errorPct" : 0.0,
    "meanResTime" : 41.739999999999995,
    "medianResTime" : 32.0,
    "minResTime" : 2.0,
    "maxResTime" : 205.0,
    "pct1ResTime" : 70.80000000000001,
    "pct2ResTime" : 157.6999999999997,
    "pct3ResTime" : 204.91999999999996,
    "throughput" : 133.5113484646195,
    "receivedKBytesPerSec" : 34.551276702269696,
    "sentKBytesPerSec" : 28.797511265020027
  },
  "post_character" : {
    "transaction" : "post_character",
    "sampleCount" : 100,
    "errorCount" : 0,
    "errorPct" : 0.0,
    "meanResTime" : 304.81,
    "medianResTime" : 103.5,
    "minResTime" : 10.0,
    "maxResTime" : 949.0,
    "pct1ResTime" : 846.0,
    "pct2ResTime" : 912.0499999999997,
    "pct3ResTime" : 948.89,
    "throughput" : 104.38413361169103,
    "receivedKBytesPerSec" : 26.999200808977037,
    "sentKBytesPerSec" : 22.513945067849686
  }
}