{
  "delete_character" : {
    "transaction" : "delete_character",
    "sampleCount" : 33558,
    "errorCount" : 12,
    "errorPct" : 0.035758983,
    "meanResTime" : 305.58525537874664,
    "medianResTime" : 129.0,
    "minResTime" : 0.0,
    "maxResTime" : 136239.0,
    "pct1ResTime" : 325.0,
    "pct2ResTime" : 438.0,
    "pct3ResTime" : 880.9900000000016,
    "throughput" : 191.5618702941529,
    "receivedKBytesPerSec" : 46.707037560437485,
    "sentKBytesPerSec" : 34.2067632905395
  },
  "get_character/id" : {
    "transaction" : "get_character/id",
    "sampleCount" : 35906,
    "errorCount" : 966,
    "errorPct" : 2.6903582,
    "meanResTime" : 1979.8046009023549,
    "medianResTime" : 127.0,
    "minResTime" : 0.0,
    "maxResTime" : 136251.0,
    "pct1ResTime" : 400.0,
    "pct2ResTime" : 18898.800000000003,
    "pct3ResTime" : 63524.73000000148,
    "throughput" : 171.9841935097593,
    "receivedKBytesPerSec" : 52.65320489312657,
    "sentKBytesPerSec" : 26.299502866423182
  },
  "get_characters" : {
    "transaction" : "get_characters",
    "sampleCount" : 38201,
    "errorCount" : 2621,
    "errorPct" : 6.861077,
    "meanResTime" : 7390.0581660166035,
    "medianResTime" : 137.0,
    "minResTime" : 0.0,
    "maxResTime" : 146199.0,
    "pct1ResTime" : 54645.700000000004,
    "pct2ResTime" : 113240.65000000001,
    "pct3ResTime" : 136006.97,
    "throughput" : 182.5597843748208,
    "receivedKBytesPerSec" : 2698.8392593395165,
    "sentKBytesPerSec" : 26.40179738425439
  },
  "Total" : {
    "transaction" : "Total",
    "sampleCount" : 176540,
    "errorCount" : 4014,
    "errorPct" : 2.2737057,
    "meanResTime" : 2306.7629885578463,
    "medianResTime" : 68.0,
    "minResTime" : 0.0,
    "maxResTime" : 146199.0,
    "pct1ResTime" : 60820.700000000004,
    "pct2ResTime" : 115382.95,
    "pct3ResTime" : 136068.98,
    "throughput" : 843.6717450729265,
    "receivedKBytesPerSec" : 2879.000316454562,
    "sentKBytesPerSec" : 151.9084663019947
  },
  "put_character" : {
    "transaction" : "put_character",
    "sampleCount" : 34031,
    "errorCount" : 97,
    "errorPct" : 0.28503424,
    "meanResTime" : 419.4703652552085,
    "medianResTime" : 127.0,
    "minResTime" : 0.0,
    "maxResTime" : 136251.0,
    "pct1ResTime" : 319.0,
    "pct2ResTime" : 437.0,
    "pct3ResTime" : 1193.9800000000032,
    "throughput" : 194.21315451562276,
    "receivedKBytesPerSec" : 51.05745180303895,
    "sentKBytesPerSec" : 41.83627746468826
  },
  "post_character" : {
    "transaction" : "post_character",
    "sampleCount" : 34844,
    "errorCount" : 318,
    "errorPct" : 0.9126392,
    "meanResTime" : 841.2247732751719,
    "medianResTime" : 128.0,
    "minResTime" : 0.0,
    "maxResTime" : 136235.0,
    "pct1ResTime" : 340.0,
    "pct2ResTime" : 565.9500000000007,
    "pct3ResTime" : 33818.98,
    "throughput" : 177.45229352658677,
    "receivedKBytesPerSec" : 48.77677461365014,
    "sentKBytesPerSec" : 37.93450732435055
  }
}