{
  "delete_character" : {
    "transaction" : "delete_character",
    "sampleCount" : 99782,
    "errorCount" : 940,
    "errorPct" : 0.9420537,
    "meanResTime" : 1940.9132909743385,
    "medianResTime" : 545.0,
    "minResTime" : 0.0,
    "maxResTime" : 146901.0,
    "pct1ResTime" : 728.0,
    "pct2ResTime" : 35851.0,
    "pct3ResTime" : 136006.98,
    "throughput" : 383.2389146006568,
    "receivedKBytesPerSec" : 100.3092938639026,
    "sentKBytesPerSec" : 67.81446689023102
  },
  "get_character/id" : {
    "transaction" : "get_character/id",
    "sampleCount" : 107537,
    "errorCount" : 2705,
    "errorPct" : 2.5154133,
    "meanResTime" : 5270.556031877393,
    "medianResTime" : 569.0,
    "minResTime" : 0.0,
    "maxResTime" : 195592.0,
    "pct1ResTime" : 68850.0,
    "pct2ResTime" : 134953.0,
    "pct3ResTime" : 135221.99,
    "throughput" : 419.12337864804186,
    "receivedKBytesPerSec" : 129.62104567092206,
    "sentKBytesPerSec" : 64.20743908481307
  },
  "get_characters" : {
    "transaction" : "get_characters",
    "sampleCount" : 108539,
    "errorCount" : 6368,
    "errorPct" : 5.8670154,
    "meanResTime" : 8326.273569868903,
    "medianResTime" : 549.0,
    "minResTime" : 1.0,
    "maxResTime" : 195338.0,
    "pct1ResTime" : 754.0,
    "pct2ResTime" : 68058.85000000003,
    "pct3ResTime" : 177842.99,
    "throughput" : 422.774899700074,
    "receivedKBytesPerSec" : 19886.220403761978,
    "sentKBytesPerSec" : 61.79426784097105
  },
  "Total" : {
    "transaction" : "Total",
    "sampleCount" : 519193,
    "errorCount" : 11846,
    "errorPct" : 2.2816179,
    "meanResTime" : 3859.7346112139767,
    "medianResTime" : 195.0,
    "minResTime" : 0.0,
    "maxResTime" : 195592.0,
    "pct1ResTime" : 134929.0,
    "pct2ResTime" : 135672.0,
    "pct3ResTime" : 146748.97,
    "throughput" : 1991.1677174896836,
    "receivedKBytesPerSec" : 20022.745848751718,
    "sentKBytesPerSec" : 358.49300842552003
  },
  "put_character" : {
    "transaction" : "put_character",
    "sampleCount" : 100952,
    "errorCount" : 1028,
    "errorPct" : 1.0183058,
    "meanResTime" : 1793.387996275457,
    "medianResTime" : 541.0,
    "minResTime" : 0.0,
    "maxResTime" : 146877.0,
    "pct1ResTime" : 759.0,
    "pct2ResTime" : 16417.95,
    "pct3ResTime" : 135674.0,
    "throughput" : 393.7730866595676,
    "receivedKBytesPerSec" : 109.65567539327772,
    "sentKBytesPerSec" : 84.12303665878747
  },
  "post_character" : {
    "transaction" : "post_character",
    "sampleCount" : 102383,
    "errorCount" : 805,
    "errorPct" : 0.78626335,
    "meanResTime" : 1550.3324380023896,
    "medianResTime" : 515.0,
    "minResTime" : 0.0,
    "maxResTime" : 146896.0,
    "pct1ResTime" : 756.0,
    "pct2ResTime" : 35833.0,
    "pct3ResTime" : 133507.0,
    "throughput" : 399.09487093530004,
    "receivedKBytesPerSec" : 109.20158590662007,
    "sentKBytesPerSec" : 85.42431914326532
  }
}