{
  "delete_character" : {
    "transaction" : "delete_character",
    "sampleCount" : 6205,
    "errorCount" : 5,
    "errorPct" : 0.080580175,
    "meanResTime" : 397.5935535858173,
    "medianResTime" : 196.0,
    "minResTime" : 0.0,
    "maxResTime" : 35874.0,
    "pct1ResTime" : 414.0,
    "pct2ResTime" : 449.0,
    "pct3ResTime" : 727.2799999999952,
    "throughput" : 127.81165032545111,
    "receivedKBytesPerSec" : 31.262049125350167,
    "sentKBytesPerSec" : 22.813379445342754
  },
  "get_character/id" : {
    "transaction" : "get_character/id",
    "sampleCount" : 6706,
    "errorCount" : 4,
    "errorPct" : 0.059648078,
    "meanResTime" : 532.5090963316438,
    "medianResTime" : 185.0,
    "minResTime" : 0.0,
    "maxResTime" : 35882.0,
    "pct1ResTime" : 418.0,
    "pct2ResTime" : 462.0,
    "pct3ResTime" : 27954.000000000204,
    "throughput" : 136.16796621182587,
    "receivedKBytesPerSec" : 35.376198652737166,
    "sentKBytesPerSec" : 21.385465526518843
  },
  "get_characters" : {
    "transaction" : "get_characters",
    "sampleCount" : 7057,
    "errorCount" : 3,
    "errorPct" : 0.042510983,
    "meanResTime" : 2395.405271361771,
    "medianResTime" : 225.0,
    "minResTime" : 2.0,
    "maxResTime" : 36018.0,
    "pct1ResTime" : 607.0,
    "pct2ResTime" : 29588.1,
    "pct3ResTime" : 32206.36,
    "throughput" : 136.10414657666345,
    "receivedKBytesPerSec" : 19343.51799813163,
    "sentKBytesPerSec" : 21.12437469864995
  },
  "Total" : {
    "transaction" : "Total",
    "sampleCount" : 32878,
    "errorCount" : 16,
    "errorPct" : 0.04866476,
    "meanResTime" : 890.4089360666704,
    "medianResTime" : 180.0,
    "minResTime" : 0.0,
    "maxResTime" : 36018.0,
    "pct1ResTime" : 413.0,
    "pct2ResTime" : 493.0,
    "pct3ResTime" : 29875.99,
    "throughput" : 634.0983606557377,
    "receivedKBytesPerSec" : 19470.951682286643,
    "sentKBytesPerSec" : 116.49827477097396
  },
  "put_character" : {
    "transaction" : "put_character",
    "sampleCount" : 6372,
    "errorCount" : 1,
    "errorPct" : 0.015693659,
    "meanResTime" : 509.4174513496543,
    "medianResTime" : 188.0,
    "minResTime" : 0.0,
    "maxResTime" : 32706.0,
    "pct1ResTime" : 409.0,
    "pct2ResTime" : 451.0,
    "pct3ResTime" : 24859.829999999703,
    "throughput" : 139.81042654028437,
    "receivedKBytesPerSec" : 36.22002088544409,
    "sentKBytesPerSec" : 30.158459564792874
  },
  "post_character" : {
    "transaction" : "post_character",
    "sampleCount" : 6538,
    "errorCount" : 3,
    "errorPct" : 0.045885593,
    "meanResTime" : 472.07219333129297,
    "medianResTime" : 190.0,
    "minResTime" : 0.0,
    "maxResTime" : 32715.0,
    "pct1ResTime" : 423.0,
    "pct2ResTime" : 481.0499999999993,
    "pct3ResTime" : 3802.639999999992,
    "throughput" : 141.6531253385332,
    "receivedKBytesPerSec" : 36.7621245666775,
    "sentKBytesPerSec" : 30.54705696159679
  }
}