{
  "delete_character" : {
    "transaction" : "delete_character",
    "sampleCount" : 20000,
    "errorCount" : 0,
    "errorPct" : 0.0,
    "meanResTime" : 292.23995000000053,
    "medianResTime" : 157.0,
    "minResTime" : 0.0,
    "maxResTime" : 1412.0,
    "pct1ResTime" : 824.0,
    "pct2ResTime" : 891.9500000000007,
    "pct3ResTime" : 1020.0,
    "throughput" : 380.3510640321016,
    "receivedKBytesPerSec" : 92.48770990624347,
    "sentKBytesPerSec" : 67.94336602371489
  },
  "get_character/id" : {
    "transaction" : "get_character/id",
    "sampleCount" : 20000,
    "errorCount" : 0,
    "errorPct" : 0.0,
    "meanResTime" : 286.39614999999776,
    "medianResTime" : 137.0,
    "minResTime" : 0.0,
    "maxResTime" : 5196.0,
    "pct1ResTime" : 796.0,
    "pct2ResTime" : 978.0,
    "pct3ResTime" : 1207.0,
    "throughput" : 379.08224189237853,
    "receivedKBytesPerSec" : 98.08358748625827,
    "sentKBytesPerSec" : 59.57138607275536
  },
  "get_characters" : {
    "transaction" : "get_characters",
    "sampleCount" : 20000,
    "errorCount" : 74,
    "errorPct" : 0.37,
    "meanResTime" : 2201.665499999998,
    "medianResTime" : 321.0,
    "minResTime" : 0.0,
    "maxResTime" : 36148.0,
    "pct1ResTime" : 4864.400000000009,
    "pct2ResTime" : 16658.9,
    "pct3ResTime" : 31459.970000000005,
    "throughput" : 376.9886149438287,
    "receivedKBytesPerSec" : 2876.0540771024184,
    "sentKBytesPerSec" : 58.31973376357159
  },
  "Total" : {
    "transaction" : "Total",
    "sampleCount" : 100000,
    "errorCount" : 76,
    "errorPct" : 0.076,
    "meanResTime" : 673.4371800000029,
    "medianResTime" : 24.0,
    "minResTime" : 0.0,
    "maxResTime" : 36148.0,
    "pct1ResTime" : 271.0,
    "pct2ResTime" : 1083.9500000000007,
    "pct3ResTime" : 31459.970000000005,
    "throughput" : 1884.800965018094,
    "receivedKBytesPerSec" : 3260.150886416004,
    "sentKBytesPerSec" : 347.54439516148034
  },
  "put_character" : {
    "transaction" : "put_character",
    "sampleCount" : 20000,
    "errorCount" : 2,
    "errorPct" : 0.01,
    "meanResTime" : 300.39945000000165,
    "medianResTime" : 153.0,
    "minResTime" : 0.0,
    "maxResTime" : 1407.0,
    "pct1ResTime" : 833.0,
    "pct2ResTime" : 937.0,
    "pct3ResTime" : 1084.9900000000016,
    "throughput" : 380.31490073781094,
    "receivedKBytesPerSec" : 98.46040803034913,
    "sentKBytesPerSec" : 82.05072999662471
  },
  "post_character" : {
    "transaction" : "post_character",
    "sampleCount" : 20000,
    "errorCount" : 0,
    "errorPct" : 0.0,
    "meanResTime" : 286.4848500000027,
    "medianResTime" : 158.0,
    "minResTime" : 0.0,
    "maxResTime" : 2045.0,
    "pct1ResTime" : 771.0,
    "pct2ResTime" : 930.0,
    "pct3ResTime" : 1140.9600000000064,
    "throughput" : 379.2259997345418,
    "receivedKBytesPerSec" : 98.11022870290488,
    "sentKBytesPerSec" : 81.81536152681129
  }
}